title,url
00_【Platform事業本部／MGR候補】イノベーションプランナー／プラットフォームセールス,https://herp.careers/careers/companies/eiicon/jobs/HPmeiFPnJa1Z
01_【東海支社／Platform事業本部】イノベーションプランナー／プラットフォームセールス,https://herp.careers/careers/companies/eiicon/jobs/OMfoMjC_THck
02_【関西支社／Platform事業本部】イノベーションプランナー／プラットフォームセールス,https://herp.careers/careers/companies/eiicon/jobs/iBznbDkS8t_x
10_【Consulting事業本部】イノベーションコンダクター（インサイドセールス/リードナーチャリング）,https://herp.careers/careers/companies/eiicon/jobs/jPvt9xGZcv_I
11_【Consulting事業本部】インキュベーションセールス,https://herp.careers/careers/companies/eiicon/jobs/S-I7opp39j_M
12_【Consulting事業本部】オープンイノベーション実践支援コンサルタント,https://herp.careers/careers/companies/eiicon/jobs/a8Ym6xnZ3dhx
20_【地域イノベーション推進部/オープンイノベーション実践支援】Sales＆Consultant,https://herp.careers/careers/companies/eiicon/jobs/0X4-Lzh2f3gb
21_【地域イノベーション推進部/オープンイノベーション実践支援】Project Manager/Director,https://herp.careers/careers/companies/eiicon/jobs/Z8e12g5csvTY
22_【東海支社】インキュベーションセールス,https://herp.careers/careers/companies/eiicon/jobs/OhLhGylN6Lro
23_【東海支社/オープンイノベーション実践支援】セールス／コンサルタント,https://herp.careers/careers/companies/eiicon/jobs/ODHaN5TESkSi
30_【インキュベーションクオリティ室】事業開発コンサルタント,https://herp.careers/careers/companies/eiicon/jobs/gDPjAC6jrSI9
31_【アライアンス推進室】アライアンスセールス,https://herp.careers/careers/companies/eiicon/jobs/3LS50ZBj3wOv
40_【事業推進本部】マーケティング,https://herp.careers/careers/companies/eiicon/jobs/lnZZ8LSpETAw
41_【事業推進本部】広報,https://herp.careers/careers/companies/eiicon/jobs/glnFlcg6gE23
50_【開発部】バックエンドエンジニア,https://herp.careers/careers/companies/eiicon/jobs/4s2FCcm82dGM
51_【開発部】フロントエンドエンジニア,https://herp.careers/careers/companies/eiicon/jobs/enoRU-JfvUi4
52_【開発部】PdM,https://herp.careers/careers/companies/eiicon/jobs/tZoG6_IrT5yM
53_【事業推進本部】情報システム責任者,https://herp.careers/careers/companies/eiicon/jobs/dHAoXxUDrQ1Y
64_【管理本部】法務,https://herp.careers/careers/companies/eiicon/jobs/KLO88uTH5XdD
98_【オープンポジション】第二新卒/ポテンシャル枠,https://herp.careers/careers/companies/eiicon/jobs/8YEkLcsGoHx0
99_オープンポジション,https://herp.careers/careers/companies/eiicon/jobs/Vb-gvvQrBnUM
03_【Platform事業本部】イノベーションアドバイザー,https://herp.careers/careers/companies/eiicon/jobs/v5qgyQMivqSE
13_【大手企業/地域支援プロジェクト担当】オープンイノベーション実践支援プロジェクトディレクター,https://herp.careers/careers/companies/eiicon/jobs/hd1at0h-5hy0
15_【Consulting事業本部】大手企業支援/プロジェクトディレクター,https://herp.careers/careers/companies/eiicon/jobs/iIPboJJlQZDa
24_【東海支社/オープンイノベーション実践支援】プロジェクトディレクター,https://herp.careers/careers/companies/eiicon/jobs/XLTRsrdwQLNr
60_【人事本部】人事部次期MGR候補,https://herp.careers/careers/companies/eiicon/jobs/Q6G3iTYNe2Oj
61_【人事本部】採用人事,https://herp.careers/careers/companies/eiicon/jobs/9NbcGqVmcTWN
62_【人事本部】採用アシスタント,https://herp.careers/careers/companies/eiicon/jobs/2KnROXq3FAtk
70_インターン,https://herp.careers/careers/companies/eiicon/jobs/9tK3_QDI0ykS
71_【総合職】2026年新卒採用,https://herp.careers/careers/companies/eiicon/jobs/qVI5gMbQbouC
72_【総合職】2027年新卒採用,https://herp.careers/careers/companies/eiicon/jobs/LrPakKNwPFrk
